Trace,Task,Model,Dataset,Rate_Downgrade,Length_Scale,Batch,Rate,Time_Interval,Rate_per_Interval,Trace_point,Scale_Factor
worldcup,chatbot,gpt,cornell,0.1,0.01,8,28.497994413964665,116.96729548448239,3.3333333333333335,300,40.81455254252864
worldcup,chatbot,gpt,convAI,0.1,0.01,8,40.5284583161702,82.24673406842587,3.3333333333333335,300,28.699164456037973
worldcup,chatbot,blenderbot,cornell,0.1,0.01,8,119.96699975891059,27.7854188237774,3.333333333333333,300,9.695440351954424
worldcup,chatbot,blenderbot,convAI,0.1,0.01,8,123.88155219578569,26.907423052507813,3.3333333333333335,300,9.389072624204791
worldcup,summarization,t5,cnn,0.1,0.01,8,11.215965545592859,297.1953970242995,3.3333333333333335,300,103.70332234325414
worldcup,summarization,bart,cnn,0.1,0.01,8,20.78860841563558,160.3442263516907,3.3333333333333335,300,55.95049303495611
worldcup,translation,mbart,wmt,0.1,0.01,8,33.74747923999393,98.77280935943271,3.3333333333333335,300,34.465770971925714
worldcup,translation,fsmt,wmt,0.1,0.01,8,45.147976675518905,73.83128943496607,3.3333333333333335,300,25.762680323970024
