Trace,Task,Model,Dataset,Rate_Downgrade,Length_Scale,Batch,Rate,Time_Interval,Rate_per_Interval,Trace_point,Scale_Factor
worldcup,chatbot,gpt,cornell,0.2,0.01,8,56.99598882792933,58.483647742241196,3.3333333333333335,300,20.40727627126432
worldcup,chatbot,gpt,convAI,0.2,0.01,8,81.0569166323404,41.12336703421293,3.3333333333333335,300,14.349582228018987
worldcup,chatbot,blenderbot,cornell,0.2,0.01,8,239.93399951782118,13.8927094118887,3.333333333333333,300,4.847720175977212
worldcup,chatbot,blenderbot,convAI,0.2,0.01,8,247.76310439157137,13.453711526253906,3.3333333333333335,300,4.694536312102396
worldcup,summarization,t5,cnn,0.2,0.01,8,22.431931091185717,148.59769851214975,3.3333333333333335,300,51.85166117162707
worldcup,summarization,bart,cnn,0.2,0.01,8,41.57721683127116,80.17211317584535,3.3333333333333335,300,27.975246517478055
worldcup,translation,mbart,wmt,0.2,0.01,8,67.49495847998786,49.38640467971636,3.3333333333333335,300,17.232885485962857
worldcup,translation,fsmt,wmt,0.2,0.01,8,90.29595335103781,36.91564471748303,3.3333333333333335,300,12.881340161985012
