Trace,Task,Model,Dataset,Rate_Downgrade,Length_Scale,Batch,Rate,Time_Interval,Rate_per_Interval,Trace_point,Scale_Factor
worldcup,chatbot,gpt,cornell,0.1,0.1,8,2.849799441396467,1169.6729548448236,3.333333333333333,300,408.14552542528634
worldcup,chatbot,gpt,convAI,0.1,0.1,8,4.052845831617019,822.4673406842588,3.3333333333333335,300,286.9916445603798
worldcup,chatbot,blenderbot,cornell,0.1,0.1,8,11.996699975891058,277.85418823777405,3.3333333333333335,300,96.95440351954426
worldcup,chatbot,blenderbot,convAI,0.1,0.1,8,12.388155219578568,269.0742305250781,3.3333333333333335,300,93.89072624204793
worldcup,summarization,t5,cnn,0.1,0.1,8,1.1215965545592859,2971.9539702429947,3.3333333333333335,300,1037.0332234325413
worldcup,summarization,bart,cnn,0.1,0.1,8,2.0788608415635577,1603.4422635169071,3.3333333333333335,300,559.5049303495612
worldcup,translation,mbart,wmt,0.1,0.1,8,3.3747479239993923,987.7280935943272,3.333333333333333,300,344.65770971925724
worldcup,translation,fsmt,wmt,0.1,0.1,8,4.514797667551892,738.3128943496605,3.3333333333333335,300,257.62680323970017
