Task,Model,Dataset,Length_Scale,Avg_Length,Syn_Avg_Length,Scale_Factor
chatbot,gpt,cornell,0.1,280.7215091627577,6.145251520984281,91.36208931535961
chatbot,gpt,convAI,0.1,197.39216176422212,6.145251520984281,64.24217498345973
chatbot,blenderbot,cornell,0.1,66.68500517706578,6.145251520984281,21.702937609422662
chatbot,blenderbot,convAI,0.1,64.57781532601875,6.145251520984281,21.01714310813933
summarization,t5,cnn,0.1,713.2689528583187,6.145251520984281,232.13661814254755
summarization,bart,cnn,0.1,384.82614324405773,6.145251520984281,125.24341499448354
translation,mbart,wmt,0.1,237.05474246263853,6.145251520984281,77.15054189504342
translation,fsmt,wmt,0.1,177.19509464391854,6.145251520984281,57.66894781730181
