Task,Model,Dataset,Length_Scale,Avg_Length,Syn_Avg_Length,Scale_Factor
chatbot,gpt,cornell,0.1,280.7215091627577,6.145251520984281,60.90805954357306
chatbot,gpt,convAI,0.1,197.39216176422207,6.145251520984281,42.82811665563982
chatbot,blenderbot,cornell,0.1,66.68500517706578,6.145251520984281,14.468625072948443
chatbot,blenderbot,convAI,0.1,64.57781532601875,6.145251520984281,14.011428738759552
summarization,t5,cnn,0.1,713.2689528583187,6.145251520984281,154.757745428365
summarization,bart,cnn,0.1,384.8261432440577,6.145251520984281,83.49560999632236
translation,mbart,wmt,0.1,237.05474246263853,6.145251520984281,51.43369459669561
translation,fsmt,wmt,0.1,177.19509464391854,6.145251520984281,38.44596521153454
