Task,Model,Dataset,Length_Scale,Batch,Rate_Downgrade,Rate,Syn_Rate,Scale_Factor
chatbot,gpt,cornell,0.1,8,0.2,5.699598882792934,104.89073060003066,18.403177619515535
chatbot,gpt,convAI,0.1,8,0.2,8.105691663234039,104.89073060003066,12.940380038855436
chatbot,blenderbot,cornell,0.1,8,0.2,23.993399951782116,104.89073060003066,4.371649320680785
chatbot,blenderbot,convAI,0.1,8,0.2,24.776310439157136,104.89073060003066,4.233508893812478
summarization,t5,cnn,0.1,8,0.2,2.2431931091185717,104.89073060003066,46.75956348726743
summarization,bart,cnn,0.1,8,0.2,4.157721683127115,104.89073060003066,25.22793457428829
translation,mbart,wmt,0.1,8,0.2,6.7494958479987845,104.89073060003066,15.540528205692668
translation,fsmt,wmt,0.1,8,0.2,9.029595335103783,104.89073060003066,11.616326834963871
