Trace,Task,Model,Dataset,Rate_Downgrade,Length_Scale,Batch,Rate,Time_Interval,Rate_per_Interval,Trace_point,Scale_Factor
azure,chatbot,gpt,cornell,0.15,0.1,8,4.2746991620947,779.7819698965492,3.3333333333333335,300,0.05524538650614301
azure,chatbot,gpt,convAI,0.15,0.1,8,6.079268747425529,548.3115604561726,3.333333333333334,300,0.03884635097065189
azure,chatbot,blenderbot,cornell,0.15,0.1,8,17.995049963836586,185.23612549184938,3.3333333333333335,300,0.013123464946304494
azure,chatbot,blenderbot,convAI,0.15,0.1,8,18.58223282936785,179.3828203500521,3.3333333333333335,300,0.012708774536189108
azure,summarization,t5,cnn,0.15,0.1,8,1.6823948318389288,1981.3026468286632,3.3333333333333335,300,0.14036978890934737
azure,summarization,bart,cnn,0.15,0.1,8,3.1182912623453363,1068.9615090112716,3.3333333333333335,300,0.07573295357592355
azure,translation,mbart,wmt,0.15,0.1,8,5.062121885999088,658.4853957295516,3.333333333333333,300,0.04665186116133948
azure,translation,fsmt,wmt,0.15,0.1,8,6.772196501327836,492.2085962331071,3.3333333333333335,300,0.034871611797014986
