Task,Model,Dataset,Length_Scale,Avg_Length,Syn_Avg_Length,Scale_Factor
classification,resnet,imagenet,1,51.769605098333976,6.145251520984281,11.278721490521955
classification,inception,imagenet,1,45.31490418278304,6.145251520984281,9.872475995837682

