task_name,model_name,datset_name,mu,std,incoming_rate,rate_scale,length_scale
chatbot,gpt,cornell,"[9.905435586697422, 54.452439750428304]","[0.5, 2]",71.21124132593644,0.25,0.01
chatbot,gpt,convAI,"[6.255795141507407, 47.43965437926816]","[0.5, 2]",100.88528889240838,0.25,0.01
chatbot,blenderbot,cornell,"[5.023922933905852, 9.170487127383238]","[0.5, 2]",301.04175457033153,0.25,0.01
chatbot,blenderbot,convAI,"[5.164249245717656, 8.213554328191092]","[0.5, 2]",310.9652975998397,0.25,0.01
summarization,t5,cnn,"[34.30793276411714, 122.21518086350986]","[0.5, 2]",28.000990737525246,0.25,0.01
summarization,bart,cnn,"[22.599668398645008, 58.13907162909163]","[0.5, 2]",52.357719360575885,0.25,0.01
translation,mbart,wmt,"[7.880356776062399, 47.028895535797325]","[0.5, 2]",83.32450785423715,0.25,0.01
translation,fsmt,wmt,"[4.673768657143228, 35.750352665258106]","[0.5, 2]",114.23338239348143,0.25,0.01
