Trace,Task,Model,Dataset,Rate_Downgrade,Length_Scale,Batch,Rate,Time_Interval,Rate_per_Interval,Trace_point,Scale_Factor
worldcup,chatbot,gpt,cornell,0.15,0.01,8,42.74699162094699,77.97819698965493,3.3333333333333335,300,27.209701695019096
worldcup,chatbot,gpt,convAI,0.15,0.01,8,60.79268747425529,54.831156045617256,3.3333333333333335,300,19.13277630402532
worldcup,chatbot,blenderbot,cornell,0.15,0.01,8,179.95049963836587,18.523612549184936,3.333333333333333,300,6.46362690130295
worldcup,chatbot,blenderbot,convAI,0.15,0.01,8,185.8223282936785,17.93828203500521,3.3333333333333335,300,6.2593817494698625
worldcup,summarization,t5,cnn,0.15,0.01,8,16.823948318389288,198.1302646828663,3.333333333333333,300,69.13554822883609
worldcup,summarization,bart,cnn,0.15,0.01,8,31.182912623453362,106.89615090112716,3.3333333333333335,300,37.30032868997075
worldcup,translation,mbart,wmt,0.15,0.01,8,50.62121885999088,65.84853957295515,3.333333333333333,300,22.977180647950483
worldcup,translation,fsmt,wmt,0.15,0.01,8,67.72196501327835,49.220859623310716,3.3333333333333335,300,17.17512021598002
