Task,Model,Dataset,Length_Scale,Avg_Length,Syn_Avg_Length,Scale_Factor
chatbot,gpt,cornell,0.01,28.07215091627577,6.145251520984281,6.090805954357309
chatbot,gpt,convAI,0.01,19.73921617642221,6.145251520984281,4.282811665563981
chatbot,blenderbot,cornell,0.01,6.668500517706577,6.145251520984281,1.4468625072948438
chatbot,blenderbot,convAI,0.01,6.457781532601874,6.145251520984281,1.401142873875955
summarization,t5,cnn,0.01,71.32689528583187,6.145251520984281,15.475774542836504
summarization,bart,cnn,0.01,38.48261432440577,6.145251520984281,8.349560999632235
translation,mbart,wmt,0.01,23.70547424626385,6.145251520984281,5.143369459669562
translation,fsmt,wmt,0.01,17.719509464391855,6.145251520984281,3.8445965211534543
