Task,Model,Dataset,Length_Scale,Avg_Length,Syn_Avg_Length,Scale_Factor
chatbot,gpt,cornell,0.01,28.07215091627577,6.145251520984281,9.136208931535963
chatbot,gpt,convAI,0.01,19.73921617642221,6.145251520984281,6.424217498345973
chatbot,blenderbot,cornell,0.01,6.668500517706577,6.145251520984281,2.1702937609422657
chatbot,blenderbot,convAI,0.01,6.457781532601874,6.145251520984281,2.1017143108139327
summarization,t5,cnn,0.01,71.32689528583187,6.145251520984281,23.213661814254753
summarization,bart,cnn,0.01,38.48261432440577,6.145251520984281,12.524341499448354
translation,mbart,wmt,0.01,23.705474246263854,6.145251520984281,7.715054189504343
translation,fsmt,wmt,0.01,17.719509464391855,6.145251520984281,5.766894781730182
