Task,Model,Dataset,Length_Scale,Batch,Rate_Downgrade,Rate,Syn_Rate,Scale_Factor
chatbot,gpt,cornell,0.01,8,0.2,56.99598882792933,104.89073060003066,1.8403177619515536
chatbot,gpt,convAI,0.01,8,0.2,81.0569166323404,104.89073060003066,1.2940380038855432
chatbot,blenderbot,cornell,0.01,8,0.2,239.93399951782118,104.89073060003066,0.43716493206807844
chatbot,blenderbot,convAI,0.01,8,0.2,247.76310439157137,104.89073060003066,0.4233508893812477
summarization,t5,cnn,0.01,8,0.2,22.431931091185717,104.89073060003066,4.675956348726743
summarization,bart,cnn,0.01,8,0.2,41.57721683127116,104.89073060003066,2.522793457428829
translation,mbart,wmt,0.01,8,0.2,67.49495847998786,104.89073060003066,1.5540528205692665
translation,fsmt,wmt,0.01,8,0.2,90.29595335103781,104.89073060003066,1.1616326834963875
