Trace,Task,Model,Dataset,Rate_Downgrade,Length_Scale,Batch,Rate,Time_Interval,Rate_per_Interval,Trace_point,Scale_Factor
worldcup,chatbot,gpt,cornell,0.15,0.1,8,4.2746991620947,779.7819698965492,3.3333333333333335,300,272.0970169501909
worldcup,chatbot,gpt,convAI,0.15,0.1,8,6.079268747425529,548.3115604561726,3.333333333333334,300,191.3277630402532
worldcup,chatbot,blenderbot,cornell,0.15,0.1,8,17.995049963836586,185.23612549184938,3.3333333333333335,300,64.6362690130295
worldcup,chatbot,blenderbot,convAI,0.15,0.1,8,18.58223282936785,179.3828203500521,3.3333333333333335,300,62.59381749469863
worldcup,summarization,t5,cnn,0.15,0.1,8,1.6823948318389288,1981.3026468286632,3.3333333333333335,300,691.3554822883609
worldcup,summarization,bart,cnn,0.15,0.1,8,3.1182912623453363,1068.9615090112716,3.3333333333333335,300,373.00328689970746
worldcup,translation,mbart,wmt,0.15,0.1,8,5.062121885999088,658.4853957295516,3.333333333333333,300,229.77180647950485
worldcup,translation,fsmt,wmt,0.15,0.1,8,6.772196501327836,492.2085962331071,3.3333333333333335,300,171.75120215980016
