Trace,Task,Model,Dataset,Rate_Downgrade,Length_Scale,Batch,Rate,Time_Interval,Rate_per_Interval,Trace_point,Scale_Factor
azure,chatbot,gpt,cornell,0.25,1,8,23.62525605197061,141.0919452470991,3.3333333333333335,300,0.00999597239868684
azure,chatbot,gpt,convAI,0.25,1,8,32.53942393170956,102.43983852722762,3.333333333333333,300,0.007257578004547057
azure,chatbot,blenderbot,cornell,0.25,1,8,10.200269536241565,326.7887501884139,3.3333333333333335,300,0.023152075204320822
azure,chatbot,blenderbot,convAI,0.25,1,8,10.2381307348013,325.58026652294217,3.333333333333333,300,0.023066457493521222
azure,summarization,t5,cnn,0.25,1,8,3.7104910130328443,898.3537007973417,3.3333333333333335,300,0.06364586427454501
azure,summarization,bart,cnn,0.25,1,8,2.722966340672814,1224.1551735486032,3.3333333333333335,300,0.0867279936148809
azure,translation,mbart,wmt,0.25,1,8,5.27076448075899,632.4193284487895,3.333333333333333,300,0.044805152700239936
azure,translation,fsmt,wmt,0.25,1,8,11.337252603283483,294.01597106233095,3.3333333333333326,300,0.02083021483873542
