Trace,Task,Model,Dataset,Rate_Downgrade,Length_Scale,Batch,Rate,Time_Interval,Rate_per_Interval,Trace_point,Scale_Factor
azure,chatbot,gpt,cornell,0.1,0.01,8,28.497994413964665,116.96729548448239,3.3333333333333335,300,0.008286807975921453
azure,chatbot,gpt,convAI,0.1,0.01,8,40.5284583161702,82.24673406842587,3.3333333333333335,300,0.0058269526455977825
azure,chatbot,blenderbot,cornell,0.1,0.01,8,119.96699975891059,27.7854188237774,3.333333333333333,300,0.001968519741945674
azure,chatbot,blenderbot,convAI,0.1,0.01,8,123.88155219578569,26.907423052507813,3.3333333333333335,300,0.0019063161804283657
azure,summarization,t5,cnn,0.1,0.01,8,11.215965545592859,297.1953970242995,3.3333333333333335,300,0.021055468336402105
azure,summarization,bart,cnn,0.1,0.01,8,20.78860841563558,160.3442263516907,3.3333333333333335,300,0.01135994303638853
azure,translation,mbart,wmt,0.1,0.01,8,33.74747923999393,98.77280935943271,3.3333333333333335,300,0.00699777917420092
azure,translation,fsmt,wmt,0.1,0.01,8,45.147976675518905,73.83128943496607,3.3333333333333335,300,0.005230741769552249
