Trace,Task,Model,Dataset,Rate_Downgrade,Length_Scale,Batch,Rate,Time_Interval,Rate_per_Interval,Trace_point,Scale_Factor
azure,chatbot,gpt,cornell,0.2,0.01,8,56.99598882792933,58.483647742241196,3.3333333333333335,300,0.004143403987960727
azure,chatbot,gpt,convAI,0.2,0.01,8,81.0569166323404,41.12336703421293,3.3333333333333335,300,0.0029134763227988913
azure,chatbot,blenderbot,cornell,0.2,0.01,8,239.93399951782118,13.8927094118887,3.333333333333333,300,0.000984259870972837
azure,chatbot,blenderbot,convAI,0.2,0.01,8,247.76310439157137,13.453711526253906,3.3333333333333335,300,0.0009531580902141829
azure,summarization,t5,cnn,0.2,0.01,8,22.431931091185717,148.59769851214975,3.3333333333333335,300,0.010527734168201052
azure,summarization,bart,cnn,0.2,0.01,8,41.57721683127116,80.17211317584535,3.3333333333333335,300,0.005679971518194265
azure,translation,mbart,wmt,0.2,0.01,8,67.49495847998786,49.38640467971636,3.3333333333333335,300,0.00349888958710046
azure,translation,fsmt,wmt,0.2,0.01,8,90.29595335103781,36.91564471748303,3.3333333333333335,300,0.0026153708847761244
