Trace,Task,Model,Dataset,Rate_Downgrade,Length_Scale,Batch,Rate,Time_Interval,Rate_per_Interval,Trace_point,Scale_Factor
azure,chatbot,gpt,cornell,0.1,0.1,8,2.849799441396467,1169.6729548448236,3.333333333333333,300,0.08286807975921452
azure,chatbot,gpt,convAI,0.1,0.1,8,4.052845831617019,822.4673406842588,3.3333333333333335,300,0.058269526455977834
azure,chatbot,blenderbot,cornell,0.1,0.1,8,11.996699975891058,277.85418823777405,3.3333333333333335,300,0.01968519741945674
azure,chatbot,blenderbot,convAI,0.1,0.1,8,12.388155219578568,269.0742305250781,3.3333333333333335,300,0.01906316180428366
azure,summarization,t5,cnn,0.1,0.1,8,1.1215965545592859,2971.9539702429947,3.3333333333333335,300,0.21055468336402106
azure,summarization,bart,cnn,0.1,0.1,8,2.0788608415635577,1603.4422635169071,3.3333333333333335,300,0.11359943036388531
azure,translation,mbart,wmt,0.1,0.1,8,3.3747479239993923,987.7280935943272,3.333333333333333,300,0.06997779174200922
azure,translation,fsmt,wmt,0.1,0.1,8,4.514797667551892,738.3128943496605,3.3333333333333335,300,0.05230741769552247
